name,expertise,sex,education
a,0.176470588,м,MBA
b,0.176470588,м,PhD
c,0.176470588,м,MBA
d,0.529411765,ж,MSc
e,0.529411765,м,BSc
f,0.588235294,ж,MSc
g,0.058823529,ж,MSc
h,0.294117647,м,BSc
i,0.588235294,м,MBA
j,0.058823529,ж,MSc
k,0.176470588,ж,BSc
l,0.058823529,м,BSc
m,0.058823529,м,PhD
n,0.352941176,м,MBA
o,0.235294118,ж,PhD
p,0.588235294,м,MSc
q,0.411764706,м,MBA
